DateTime,Temp,MinTemp,MaxTemp,Pressure,MinPress,MaxPress,Humidity,MinHumid,MaxHumid,Dew,MinDew,MaxDew,WindSpd,Gust,WindDir,Rain,Radiation
2001-01-01,20.733333333333334,18.7,24.6,885.4083333333333,883.5,887.1,89.08333333333333,69,97,18.787499999999998,17.2,20.3,55.728,95.90400000000001,291.875,34.0,622.9166666666666
2001-01-02,20.6125,18.5,24.7,885.8583333333332,884.2,887.3,87.41666666666667,67,97,18.3625,17.2,19.6,54.432,116.64,308.6666666666667,28.4,656.8333333333334
2001-01-03,18.5,0.0,26.5,738.9833333333332,0.0,888.7,64.41666666666667,0,94,14.825000000000001,0.0,19.3,72.57600000000001,116.64,149.375,0.4,735.625
2001-01-04,18.520833333333332,0.0,26.3,777.4125,0.0,890.7,70.25,0,97,15.333333333333334,0.0,19.5,71.28,130.89600000000002,104.625,4.6000000000000005,866.625
2001-01-05,18.983333333333334,0.0,27.2,739.9791666666666,0.0,890.4,60.583333333333336,0,96,14.275,0.0,19.0,68.688,124.41600000000001,87.625,0.0,1079.375
2001-01-06,19.904166666666665,0.0,27.7,775.8916666666668,0.0,888.6,53.291666666666664,0,82,12.554166666666667,0.0,16.8,51.84,107.56800000000001,74.58333333333333,0.0,991.5
2001-01-07,18.216666666666665,0.0,28.7,701.1625,0.0,887.2,53.208333333333336,0,88,12.904166666666667,0.0,18.1,53.136,142.56,91.29166666666667,4.4,784.875
2001-01-08,13.512500000000001,0.0,28.1,516.7583333333333,0.0,887.3,42.041666666666664,0,94,10.145833333333334,0.0,19.4,60.912000000000006,97.2,59.708333333333336,3.8,723.9166666666666
2001-01-09,17.695833333333333,0.0,28.3,627.475,0.0,887.9,47.916666666666664,0,92,11.862499999999999,0.0,19.4,57.02400000000001,108.864,91.29166666666667,0.0,902.7083333333334
2001-01-10,18.916666666666668,0.0,27.3,701.8625000000001,0.0,887.9,43.708333333333336,0,74,11.258333333333333,0.0,17.7,55.728,104.976,49.583333333333336,0.0,820.5833333333334
2001-01-11,18.279166666666665,0.0,25.0,739.7083333333334,0.0,889.7,60.5,0,91,13.883333333333333,0.0,18.9,54.432,111.456,70.41666666666667,0.4,565.125
2001-01-12,15.700000000000001,0.0,27.5,591.0791666666667,0.0,888.0,37.958333333333336,0,84,9.266666666666667,0.0,17.1,71.28,117.93599999999999,33.708333333333336,0.0,967.125
2001-01-13,17.775000000000002,0.0,27.2,739.4625,0.0,888.9,56.541666666666664,0,93,12.308333333333332,0.0,17.1,72.57600000000001,156.816,116.91666666666667,4.6,927.9583333333334
2001-01-14,19.0125,0.0,27.1,740.3541666666666,0.0,890.6,50.041666666666664,0,77,11.991666666666667,0.0,16.5,71.28,124.41600000000001,72.29166666666667,0.0,1004.9166666666666
2001-01-15,22.004166666666666,17.8,27.2,888.0208333333334,885.7,889.5,62.833333333333336,41,80,14.320833333333333,12.4,17.1,69.98400000000001,139.96800000000002,94.79166666666667,0.0,962.625
2001-01-16,20.008333333333333,0.0,26.3,813.9166666666666,0.0,889.6,56.041666666666664,0,81,12.520833333333334,0.0,16.0,81.648,137.376,77.45833333333333,0.0,1045.0833333333333
2001-01-17,21.837500000000002,18.1,27.4,888.0749999999999,886.5,890.2,65.79166666666667,41,83,14.895833333333334,12.1,18.1,64.8,108.864,95.41666666666667,0.0,772.9583333333334
2001-01-18,19.516666666666666,0.0,26.8,776.8541666666666,0.0,889.8,52.958333333333336,0,85,12.137500000000001,0.0,15.9,81.648,145.15200000000002,80.54166666666667,0.0,1086.125
2001-01-19,4.816666666666666,0.0,27.3,148.0041666666667,0.0,888.7,11.833333333333334,0,68,2.858333333333333,0.0,14.8,63.504000000000005,79.05600000000001,11.041666666666666,0.0,60.416666666666664
2001-01-20,0.0,0.0,0.0,0.0,0.0,0.0,0.0,0,0,0.0,0.0,0.0,0.0,0.0,0.0,0.0,0.0
2001-01-21,0.0,0.0,0.0,0.0,0.0,0.0,0.0,0,0,0.0,0.0,0.0,0.0,0.0,0.0,0.0,0.0
2001-01-22,4.379166666666666,0.0,24.0,184.49166666666667,0.0,886.8,17.5,0,93,3.779166666666667,0.0,19.2,40.176,95.90400000000001,39.75,1.2000000000000002,12.666666666666666
2001-01-23,2.433333333333333,0.0,19.6,111.03333333333335,0.0,888.6,11.333333333333334,0,92,2.2375000000000003,0.0,18.3,31.104000000000003,47.952000000000005,16.541666666666668,1.2,0.0
2001-01-24,3.766666666666667,0.0,25.4,147.76666666666668,0.0,886.2,12.5,0,67,2.9916666666666667,0.0,18.3,27.216,58.32,32.083333333333336,0.0,36.083333333333336
2001-01-25,21.291666666666668,0.0,27.1,887.5833333333334,0.0,889.2,82.04166666666667,0,95,17.941666666666666,0.0,19.4,64.8,114.04800000000002,189.75,0.6000000000000001,782.75
2001-01-26,22.816666666666666,18.0,28.1,887.3333333333334,884.9,889.5,70.58333333333333,44,96,16.704166666666666,14.4,19.1,54.432,98.496,98.33333333333333,2.8000000000000003,1016.0
2001-01-27,22.6875,0.0,29.3,849.8583333333332,0.0,889.1,58.041666666666664,0,92,14.183333333333332,0.0,17.6,41.47200000000001,88.128,110.75,0.0,1027.9166666666667
2001-01-28,23.929166666666664,18.1,29.3,849.2458333333334,884.1,888.4,58.083333333333336,37,85,14.720833333333333,11.8,18.4,51.84,99.79200000000002,113.33333333333333,0.0,1018.1666666666666
2001-01-29,23.28333333333333,17.7,29.4,885.4499999999999,882.4,887.3,68.95833333333333,35,95,16.691666666666666,12.5,18.7,51.84,127.00800000000001,192.58333333333334,0.0,971.9166666666666
2001-01-30,22.620833333333334,16.8,28.8,884.5083333333333,881.5,886.3,68.75,38,94,16.0125,12.5,18.4,46.656000000000006,115.344,107.95833333333333,9.8,1009.0416666666666
2001-01-31,23.170833333333334,19.1,29.7,884.8708333333334,883.3,886.7,69.45833333333333,42,90,17.058333333333334,13.6,19.0,79.05600000000001,127.00800000000001,182.70833333333334,0.0,1053.7916666666667
2001-02-01,22.054166666666664,18.1,29.0,884.5958333333333,881.1,886.2,76.91666666666667,44,96,17.441666666666666,15.3,18.8,57.02400000000001,163.296,242.20833333333334,15.0,967.4583333333334
2001-02-02,21.65833333333333,18.0,28.1,884.6291666666666,881.9,887.0,77.70833333333333,45,96,17.295833333333334,14.9,19.0,57.02400000000001,138.672,252.875,3.0,816.7916666666666
2001-02-03,24.21666666666667,19.5,30.6,884.7708333333334,882.6,886.4,62.333333333333336,27,86,15.512500000000001,8.4,19.7,53.136,108.864,160.08333333333334,0.0,1165.7916666666667
2001-02-04,24.8,17.9,30.5,886.0708333333333,884.3,887.6,55.125,23,93,13.575000000000001,5.6,18.5,62.208000000000006,116.64,155.04166666666666,0.0,1260.7083333333333
2001-02-05,24.420833333333334,18.9,30.2,886.2833333333333,884.2,887.8,49.375,32,68,12.950000000000001,7.6,17.2,58.32,145.15200000000002,252.08333333333334,0.0,948.25
2001-02-06,24.316666666666666,18.0,30.9,886.0708333333333,883.4,888.3,65.08333333333333,32,92,16.604166666666668,11.0,18.9,41.47200000000001,86.83200000000001,206.04166666666666,0.0,1109.5416666666667
2001-02-07,23.566666666666666,18.0,31.0,885.8000000000001,883.3,887.5,66.20833333333333,37,92,16.395833333333332,13.3,18.8,54.432,114.04800000000002,173.70833333333334,3.6,1057.5416666666667
2001-02-08,18.7,0.0,28.1,774.7666666666668,0.0,887.0,67.16666666666667,0,94,14.858333333333334,0.0,19.6,81.648,137.376,111.625,4.8,359.9166666666667
2001-02-09,21.933333333333334,18.2,28.6,885.1708333333332,882.8,887.3,77.5,42,97,17.291666666666668,14.5,19.2,62.208000000000006,132.192,202.25,0.2,907.8333333333334
2001-02-10,23.570833333333336,18.2,29.4,885.1541666666667,882.9,886.9,61.666666666666664,29,93,14.670833333333334,9.1,18.6,53.136,111.456,114.70833333333333,0.0,1081.0833333333333
2001-02-11,23.59166666666667,16.8,29.5,885.7791666666667,884.2,887.8,48.125,26,77,11.4375,7.5,14.1,71.28,134.78400000000002,103.91666666666667,0.0,1211.375
2001-02-12,23.795833333333334,17.4,30.2,886.2458333333334,884.3,888.1,47.5,25,74,11.158333333333333,7.5,15.0,63.504000000000005,110.16000000000001,103.91666666666667,0.0,1219.2916666666667
2001-02-13,24.275000000000002,18.8,29.6,885.5749999999999,883.3,887.3,46.916666666666664,31,72,11.7875,9.3,15.0,45.36,85.536,137.875,0.0,940.875
2001-02-14,20.7125,17.5,26.7,885.375,883.7,886.9,78.58333333333333,48,93,16.6875,12.6,18.0,63.504000000000005,127.00800000000001,184.54166666666666,11.0,512.5416666666666
2001-02-15,20.904166666666665,16.1,26.8,885.4083333333333,883.0,887.5,73.04166666666667,45,93,15.4625,12.9,17.6,50.544,104.976,205.70833333333334,0.2,830.2916666666666
2001-02-16,20.6125,17.5,27.1,886.5791666666668,884.9,888.3,80.20833333333333,47,95,16.900000000000002,14.8,18.6,60.912000000000006,136.08,180.125,1.2,627.2916666666666
2001-02-17,21.316666666666666,17.7,28.1,887.3041666666667,885.0,890.0,75.45833333333333,45,93,16.508333333333333,14.9,18.6,37.583999999999996,102.384,180.0,2.0,750.875
2001-02-18,22.90416666666667,17.1,28.3,888.3000000000001,886.0,890.4,67.875,41,94,16.162499999999998,13.0,18.7,57.02400000000001,111.456,105.70833333333333,0.0,1088.2916666666667
2001-02-19,23.425,16.8,29.0,887.75,884.9,889.7,56.5,27,88,13.3125,7.8,16.7,54.432,102.384,129.75,0.0,1246.9583333333333
2001-02-20,22.241666666666664,18.1,26.7,887.0041666666666,884.5,888.8,65.58333333333333,43,89,15.333333333333334,11.1,18.8,102.384,189.216,192.04166666666666,0.2,961.0416666666666
2001-02-21,21.695833333333336,18.4,28.8,886.6791666666667,883.5,888.4,73.04166666666667,42,94,16.408333333333335,14.2,18.2,59.616,143.856,171.91666666666666,14.6,939.9583333333334
2001-02-22,20.724999999999998,16.6,27.8,886.4875000000001,884.1,888.5,78.91666666666667,45,93,16.670833333333334,14.2,18.8,59.616,156.816,187.41666666666666,2.6,852.7916666666666
2001-02-23,21.7,17.7,27.3,886.9416666666666,885.0,889.0,76.33333333333333,43,95,16.9875,13.7,18.5,42.768,101.088,166.625,0.2,667.5
2001-02-24,22.495833333333334,18.0,29.6,886.7458333333334,883.8,888.9,69.29166666666667,33,90,16.045833333333334,11.3,18.0,51.84,106.272,154.58333333333334,18.4,976.9166666666666
2001-02-25,20.929166666666667,17.7,27.9,886.2291666666666,883.2,888.5,75.70833333333333,44,93,16.245833333333334,13.8,18.2,55.728,119.232,173.33333333333334,1.5999999999999999,929.375
2001-02-26,22.304166666666664,17.4,28.2,885.2541666666666,882.3,887.4,69.79166666666667,39,87,16.099999999999998,12.7,18.0,68.688,173.66400000000002,125.41666666666667,1.8,1076.5416666666667
2001-02-27,22.1375,19.4,25.8,886.0916666666667,883.9,888.4,72.54166666666667,57,85,16.879166666666666,13.7,18.7,60.912000000000006,147.744,107.41666666666667,0.0,885.0416666666666
2001-02-28,19.970833333333335,16.3,25.5,887.4666666666667,885.0,889.8,79.45833333333333,55,96,16.125,14.6,17.9,102.384,185.32800000000003,81.16666666666667,17.8,784.125
2001-03-01,20.7,16.9,25.6,886.8916666666668,885.2,888.4,78.375,55,94,16.616666666666667,14.3,18.6,54.432,103.68,158.625,0.0,746.3333333333334
2001-03-02,20.266666666666666,17.2,26.6,888.0875,886.2,890.0,81.875,52,95,16.804166666666667,14.4,19.0,51.84,114.04800000000002,148.125,8.2,737.1666666666666
2001-03-03,19.9125,18.1,24.7,889.0041666666666,887.6,890.9,86.70833333333333,66,95,17.545833333333334,16.4,19.5,68.688,130.89600000000002,111.33333333333333,0.8,610.4166666666666
2001-03-04,21.075,18.4,26.4,888.1833333333334,885.9,890.0,81.29166666666667,54,94,17.55,15.9,20.1,37.583999999999996,77.76,172.375,1.7999999999999998,625.7916666666666
2001-03-05,19.941666666666666,17.2,26.6,886.8958333333334,883.9,888.9,87.20833333333333,54,96,17.683333333333334,15.9,20.3,59.616,156.816,190.16666666666666,13.0,480.6666666666667
2001-03-06,21.287499999999998,18.3,27.0,887.4291666666667,885.5,889.2,78.75,44,96,16.962500000000002,13.3,18.7,57.02400000000001,111.456,173.41666666666666,0.8,791.875
2001-03-07,20.258333333333333,17.5,25.9,889.5124999999999,887.4,892.2,84.125,55,96,17.325,15.6,19.1,53.136,86.83200000000001,216.58333333333334,4.800000000000001,739.75
2001-03-08,22.22083333333333,17.8,28.8,888.3291666666668,885.2,890.2,74.5,41,95,17.0125,13.5,19.1,55.728,120.52800000000002,174.91666666666666,0.0,884.7083333333334
2001-03-09,21.7375,17.6,27.8,886.4125,883.5,888.6,75.58333333333333,46,95,17.0,14.7,18.7,49.248,90.72,133.16666666666666,0.0,791.2083333333334
2001-03-10,21.379166666666666,17.8,27.1,884.7541666666666,881.9,886.9,79.33333333333333,49,96,17.379166666666666,15.2,19.2,62.208000000000006,145.15200000000002,256.2083333333333,18.2,843.7083333333334
2001-03-11,19.783333333333335,17.5,23.0,884.15,881.7,885.7,89.45833333333333,72,97,17.920833333333334,16.8,19.7,47.952000000000005,90.72,282.9166666666667,63.0,443.9583333333333
2001-03-12,19.583333333333332,18.0,24.2,884.4625,882.7,886.0,90.79166666666667,66,97,17.991666666666667,16.9,19.2,58.32,123.12000000000002,168.79166666666666,13.8,397.125
2001-03-13,18.73333333333333,17.3,22.7,885.4666666666667,884.1,887.3,92.79166666666667,74,96,17.537499999999998,16.2,19.4,79.05600000000001,129.6,31.708333333333332,27.8,397.375
2001-03-14,19.616666666666667,17.6,22.1,886.3666666666667,885.1,888.0,85.79166666666667,69,96,17.058333333333334,15.5,18.2,59.616,120.52800000000002,43.0,7.2,401.5416666666667
2001-03-15,20.220833333333335,16.0,25.2,887.225,885.2,889.7,81.75,63,94,16.925,14.7,20.3,66.096,137.376,94.04166666666667,4.2,736.4166666666666
2001-03-16,21.370833333333334,17.9,27.0,888.1,886.3,890.5,77.54166666666667,49,93,17.054166666666667,14.9,18.3,63.504000000000005,111.456,92.29166666666667,0.2,830.0416666666666
2001-03-17,22.65833333333333,17.9,28.0,887.7041666666668,885.3,889.7,64.0,41,84,15.112499999999999,11.9,17.3,64.8,110.16000000000001,81.75,0.0,1050.1666666666667
2001-03-18,23.412499999999998,18.4,29.8,885.5500000000001,883.0,887.3,64.20833333333333,41,83,16.008333333333333,14.0,18.7,38.88,82.94400000000002,91.625,0.0,936.1666666666666
2001-03-19,21.0,18.3,26.7,885.7375000000001,883.5,887.8,80.125,56,91,17.3125,16.0,19.5,63.504000000000005,132.192,229.29166666666666,3.6000000000000005,544.3333333333334
2001-03-20,20.129166666666666,17.0,24.6,888.1416666666665,885.5,890.8,83.91666666666667,66,97,17.224999999999998,15.8,19.0,58.32,123.12000000000002,144.33333333333334,7.8,436.9166666666667
2001-03-21,21.837500000000002,17.0,27.1,888.0749999999999,886.2,890.2,73.33333333333333,39,97,16.158333333333335,11.8,19.0,66.096,121.82400000000001,104.58333333333333,0.2,1102.125
2001-03-22,22.008333333333336,16.2,27.7,886.6458333333334,884.1,888.7,65.58333333333333,40,90,14.766666666666666,11.6,17.2,67.39200000000001,114.04800000000002,111.0,0.0,998.0
2001-03-23,22.729166666666668,16.5,28.2,885.6041666666666,883.4,887.4,62.5,40,93,14.725,12.4,16.5,53.136,102.384,101.70833333333333,0.0,1083.875
2001-03-24,22.833333333333332,17.8,28.0,885.8541666666666,884.0,887.7,66.04166666666667,40,91,15.854166666666666,12.6,17.9,58.32,145.15200000000002,102.54166666666667,2.0,978.875
2001-03-25,22.433333333333334,17.2,28.8,887.0958333333333,885.6,888.8,68.45833333333333,39,93,15.970833333333333,12.7,18.1,54.432,145.15200000000002,116.25,0.0,834.4166666666666
2001-03-26,21.104166666666668,17.1,27.5,887.0124999999999,884.6,888.7,75.04166666666667,50,93,16.316666666666666,13.6,17.8,63.504000000000005,176.256,126.375,0.0,627.625
2001-03-27,21.583333333333332,16.5,27.6,886.5166666666668,883.9,888.4,73.91666666666667,43,96,16.291666666666668,13.1,17.9,24.624,95.90400000000001,186.33333333333334,0.0,590.7916666666666
2001-03-28,21.974999999999998,18.5,26.3,885.8708333333334,883.6,887.8,75.45833333333333,56,94,17.3125,16.2,19.1,36.288000000000004,75.16799999999999,222.16666666666666,2.4,673.0
2001-03-29,20.908333333333335,18.5,27.2,887.1750000000001,885.8,889.1,82.58333333333333,52,94,17.729166666666668,16.3,19.8,86.83200000000001,129.6,191.04166666666666,4.6000000000000005,643.5
2001-03-30,19.770833333333332,16.9,25.8,887.9041666666667,886.4,889.6,86.83333333333333,65,95,17.445833333333333,15.1,19.9,63.504000000000005,209.952,141.08333333333334,16.6,565.625
2001-03-31,21.575,16.9,27.6,886.6916666666666,884.4,888.8,77.45833333333333,47,97,16.9875,13.7,19.7,67.39200000000001,120.52800000000002,134.5,0.2,870.2083333333334
2001-04-01,21.733333333333334,17.4,27.4,886.9958333333334,884.8,889.2,73.125,51,89,16.537499999999998,13.6,18.4,71.28,124.41600000000001,103.04166666666667,0.0,867.0416666666666
2001-04-02,21.604166666666668,17.3,27.6,887.8249999999999,886.5,890.1,73.04166666666667,45,95,16.295833333333334,14.3,18.0,47.952000000000005,123.12000000000002,107.125,10.799999999999999,836.7916666666666
2001-04-03,20.6625,16.7,27.4,888.0583333333334,886.1,889.7,78.58333333333333,42,96,16.45,13.1,18.5,66.096,101.088,177.08333333333334,0.6000000000000001,811.9166666666666
2001-04-04,21.441666666666666,17.4,27.9,887.125,884.4,889.0,73.79166666666667,48,92,16.3,14.2,19.8,60.912000000000006,112.752,137.75,5.800000000000001,833.4166666666666
2001-04-05,21.849999999999998,17.1,27.7,887.5416666666666,885.9,889.6,76.25,46,96,17.020833333333332,14.8,18.7,62.208000000000006,163.296,120.58333333333333,22.0,973.75
2001-04-06,22.712500000000002,18.2,27.8,888.9541666666668,887.6,890.8,67.16666666666667,41,85,15.995833333333332,13.1,18.2,72.57600000000001,129.6,93.83333333333333,0.0,1005.2916666666666
2001-04-07,22.9375,18.1,28.3,889.2125,887.4,890.9,64.45833333333333,39,86,15.408333333333333,12.5,17.0,76.46400000000001,133.48800000000003,107.41666666666667,0.0,1030.3333333333333
2001-04-08,21.329166666666666,0.0,27.4,851.1875,0.0,890.0,57.291666666666664,0,81,12.995833333333332,0.0,16.8,64.8,111.456,105.625,0.0,999.0
2001-04-09,22.525000000000002,17.3,27.6,886.2958333333332,884.5,888.0,53.333333333333336,32,73,12.275,9.0,14.9,55.728,114.04800000000002,83.95833333333333,0.0,1012.3333333333334
2001-04-10,23.099999999999998,18.6,28.4,886.2666666666668,884.8,888.3,52.25,30,70,12.470833333333333,9.0,14.8,46.656000000000006,88.128,77.29166666666667,0.0,913.375
2001-04-11,22.745833333333334,16.6,29.3,887.5583333333334,886.3,889.5,54.958333333333336,29,82,12.299999999999999,8.2,16.4,54.432,110.16000000000001,122.04166666666667,0.0,950.125
2001-04-12,23.349999999999998,19.5,28.3,887.6875,885.7,889.5,61.125,46,76,15.370833333333332,13.0,18.9,45.36,107.56800000000001,168.29166666666666,0.0,700.4166666666666
2001-04-13,23.125,18.7,29.8,886.15,883.9,888.1,66.41666666666667,29,93,15.9125,9.4,18.7,53.136,186.62400000000002,151.91666666666666,10.8,895.0833333333334
2001-04-14,20.645833333333332,18.2,23.8,885.5541666666667,884.1,887.8,81.5,62,95,17.279166666666665,15.3,19.0,72.57600000000001,108.864,121.45833333333333,2.8,580.9166666666666
2001-04-15,19.845833333333335,16.9,24.6,887.3708333333334,885.8,889.5,77.08333333333333,51,91,15.508333333333333,13.4,17.8,50.544,101.088,120.83333333333333,0.0,693.2083333333334
2001-04-16,20.454166666666666,16.0,26.5,889.1,887.9,891.1,74.29166666666667,44,95,15.325000000000001,12.7,16.8,53.136,92.01599999999999,88.0,0.0,899.9166666666666
2001-04-17,21.32916666666667,16.8,26.7,889.0833333333334,887.2,890.7,70.45833333333333,43,89,15.533333333333333,12.3,17.4,63.504000000000005,94.608,100.41666666666667,0.0,796.4166666666666
2001-04-18,21.929166666666664,16.9,27.8,887.2333333333332,884.9,889.0,67.08333333333333,35,90,15.104166666666666,10.5,17.4,53.136,84.24000000000001,128.125,0.0,813.1666666666666
2001-04-19,21.695833333333336,16.5,27.7,886.5583333333334,884.3,888.8,65.54166666666667,35,88,14.533333333333333,10.3,16.5,49.248,95.90400000000001,168.70833333333334,0.0,751.7083333333334
2001-04-20,22.5625,16.9,28.9,886.4416666666666,884.5,888.5,61.625,34,85,14.295833333333334,10.3,17.0,67.39200000000001,127.00800000000001,143.16666666666666,0.2,869.125
2001-04-21,20.866666666666667,16.9,27.3,887.2458333333334,885.1,889.8,77.45833333333333,43,95,16.466666666666665,12.2,18.8,59.616,156.816,172.29166666666666,88.2,720.5
2001-04-22,20.666666666666668,17.8,26.5,886.2916666666666,884.4,888.2,80.0,51,94,16.95,14.8,18.6,72.57600000000001,186.62400000000002,305.2083333333333,0.0,730.25
2001-04-23,22.554166666666664,18.7,27.9,887.1750000000001,885.6,889.2,70.08333333333333,47,91,16.516666666666666,14.7,18.5,53.136,103.68,93.0,0.0,755.5416666666666
2001-04-24,22.5625,17.7,27.5,888.9250000000001,887.8,891.2,64.04166666666667,36,87,14.9625,10.9,17.0,67.39200000000001,107.56800000000001,116.75,0.0,892.7916666666666
2001-04-25,21.72083333333333,17.6,26.6,890.0083333333333,888.1,892.2,58.166666666666664,29,78,12.612499999999999,6.4,15.8,71.28,128.304,100.70833333333333,0.0,969.625
2001-04-26,21.541666666666668,17.0,26.6,889.5333333333333,887.6,891.3,60.916666666666664,44,76,13.5,9.4,16.1,71.28,128.304,92.41666666666667,0.0,876.5
2001-04-27,21.695833333333336,17.9,26.8,888.7875,887.1,890.6,65.04166666666667,40,85,14.375,11.2,16.3,68.688,124.41600000000001,98.20833333333333,0.0,892.3333333333334
2001-04-28,13.433333333333332,0.0,22.3,555.5541666666667,0.0,888.8,42.25,0,79,8.4625,0.0,13.3,50.544,42.768,54.041666666666664,0.0,50.0
2001-04-29,20.966666666666665,15.0,26.9,889.0625,887.7,891.0,58.375,35,79,12.158333333333333,9.9,14.4,63.504000000000005,110.16000000000001,125.75,0.0,942.6666666666666
2001-04-30,21.099999999999998,16.0,26.2,888.2458333333334,886.4,890.0,59.958333333333336,36,82,12.608333333333334,9.8,14.6,62.208000000000006,104.976,107.0,0.0,943.5833333333334
2001-05-01,21.358333333333334,16.7,26.8,888.0500000000001,886.7,889.9,62.083333333333336,46,81,13.658333333333333,11.2,16.7,73.872,124.41600000000001,91.66666666666667,0.0,830.7916666666666
2001-05-02,21.429166666666664,17.3,26.8,889.3958333333334,888.2,891.7,66.25,35,91,14.345833333333333,9.7,16.5,73.872,125.712,99.41666666666667,0.0,885.7083333333334
2001-05-03,21.870833333333334,17.0,27.5,889.35,887.3,891.1,61.958333333333336,39,82,13.966666666666667,11.7,16.6,72.57600000000001,117.93599999999999,81.16666666666667,0.0,860.7083333333334
2001-05-04,22.462500000000002,17.0,28.2,887.4541666666668,885.3,889.1,65.54166666666667,44,89,15.416666666666666,14.1,16.9,41.47200000000001,82.94400000000002,104.04166666666667,0.0,661.1666666666666
2001-05-05,21.05,18.2,24.8,885.8083333333334,884.2,887.8,72.875,59,86,15.908333333333333,14.2,17.3,40.176,86.83200000000001,189.79166666666666,0.0,580.125
2001-05-06,20.316666666666666,13.4,27.6,886.3916666666668,885.0,888.5,65.79166666666667,34,92,12.958333333333334,9.8,15.7,40.176,93.31200000000001,212.625,0.0,853.5
2001-05-07,20.770833333333332,14.1,27.6,886.8666666666667,885.3,888.9,58.291666666666664,37,81,11.933333333333332,9.8,14.0,36.288000000000004,72.57600000000001,183.91666666666666,0.0,719.7083333333334
2001-05-08,21.1,15.3,28.3,886.2916666666666,884.5,887.8,55.541666666666664,34,76,11.5,9.0,14.0,55.728,104.976,210.375,0.0,813.6666666666666
2001-05-09,20.716666666666665,14.2,27.6,885.4916666666667,883.8,887.1,59.708333333333336,32,84,12.104166666666666,9.2,13.7,51.84,103.68,221.08333333333334,0.0,695.875
2001-05-10,21.2625,15.5,28.2,885.2333333333332,884.4,886.4,57.708333333333336,31,81,12.174999999999999,8.7,14.8,57.02400000000001,115.344,255.79166666666666,0.0,751.2083333333334
2001-05-11,22.025000000000002,16.1,28.4,886.0958333333333,885.0,887.9,58.0,27,78,12.841666666666667,7.2,15.2,58.32,112.752,306.4583333333333,0.0,796.0
2001-05-12,22.425,17.3,28.8,887.4791666666666,886.1,889.2,56.333333333333336,40,74,13.095833333333333,9.8,15.4,42.768,95.90400000000001,250.83333333333334,0.0,685.0
2001-05-13,22.09166666666667,17.9,27.2,888.625,887.0,890.4,67.66666666666667,47,89,15.595833333333333,14.1,18.6,54.432,102.384,216.66666666666666,4.8,496.4583333333333
2001-05-14,20.616666666666667,17.1,25.8,888.6541666666667,886.7,890.2,76.91666666666667,52,93,16.083333333333332,14.3,17.2,58.32,99.79200000000002,138.04166666666666,0.0,741.0416666666666
2001-05-15,21.55,16.6,28.0,887.1833333333334,885.2,888.6,69.20833333333333,40,91,15.295833333333334,13.1,17.4,58.32,89.42400000000002,106.75,0.0,760.625
2001-05-16,21.925,16.3,27.8,886.8249999999999,884.4,888.4,70.5,42,94,15.933333333333332,13.6,17.7,62.208000000000006,115.344,118.95833333333333,0.0,772.1666666666666
2001-05-17,19.724999999999998,15.9,23.6,888.4958333333334,886.3,890.9,81.125,59,97,16.241666666666667,14.6,18.1,57.02400000000001,136.08,261.7916666666667,18.2,350.0416666666667
2001-05-18,21.104166666666668,17.9,26.4,889.1291666666666,887.8,891.0,77.125,46,95,16.533333333333335,13.6,17.7,41.47200000000001,84.24000000000001,187.66666666666666,0.0,701.875
2001-05-19,20.658333333333335,15.3,26.7,888.9625,887.2,890.6,70.66666666666667,42,94,14.5875,11.3,16.7,33.696000000000005,71.28,161.70833333333334,0.0,827.5833333333334
2001-05-20,19.229166666666668,14.5,24.7,888.2875,887.0,890.3,58.0,33,86,10.145833333333334,5.4,13.6,46.656000000000006,90.72,131.33333333333334,0.0,871.7916666666666
2001-05-21,18.554166666666667,13.7,25.4,887.8458333333333,885.8,889.9,56.083333333333336,33,72,9.254166666666666,7.3,11.7,68.688,114.04800000000002,95.0,0.0,856.3333333333334
2001-05-22,19.3625,13.2,26.6,887.2916666666666,885.8,888.7,62.083333333333336,34,86,11.220833333333333,8.9,13.1,60.912000000000006,125.712,208.0,0.0,838.125
2001-05-23,20.416666666666668,15.1,26.9,887.3208333333333,885.6,889.0,60.166666666666664,28,86,11.629166666666668,6.7,15.8,40.176,76.46400000000001,150.54166666666666,0.6,761.25
2001-05-24,19.7625,15.8,23.9,888.2541666666666,886.9,890.2,67.20833333333333,47,88,13.191666666666668,11.4,14.7,59.616,101.088,115.625,0.0,496.9583333333333
2001-05-25,20.1125,16.2,25.8,888.9458333333333,887.5,890.7,69.08333333333333,46,88,13.941666666666668,12.3,15.5,63.504000000000005,103.68,107.375,0.8,744.25
2001-05-26,21.145833333333332,16.5,26.6,887.6583333333333,884.8,889.8,63.541666666666664,41,83,13.520833333333334,11.1,15.3,53.136,104.976,97.0,0.0,766.5
2001-05-27,18.254166666666666,16.9,21.3,850.9499999999999,886.6,890.2,80.5,52,95,14.716666666666667,11.0,17.2,34.992000000000004,63.504000000000005,151.625,2.4,190.54166666666666
2001-05-28,19.3625,16.8,24.1,851.4375,887.0,890.5,84.25,59,96,16.441666666666666,14.9,18.7,32.4,99.79200000000002,113.16666666666667,5.4,468.9166666666667
2001-05-29,20.604166666666668,16.4,26.9,888.6833333333334,887.4,890.5,77.45833333333333,45,94,16.179166666666667,13.7,18.7,36.288000000000004,64.8,178.45833333333334,3.2,554.25
2001-05-30,21.724999999999998,17.5,26.9,889.6666666666666,887.9,891.7,69.5,40,90,15.529166666666667,11.8,17.7,59.616,114.04800000000002,128.5,0.2,800.2083333333334
2001-05-31,21.283333333333335,16.3,27.0,889.0666666666666,887.4,890.7,65.0,39,87,14.012500000000001,11.1,16.1,67.39200000000001,102.384,119.08333333333333,0.0,819.5833333333334
2001-06-01,20.845833333333335,16.5,26.2,888.7083333333334,887.3,890.4,61.083333333333336,40,78,12.75,9.9,15.7,47.952000000000005,95.90400000000001,111.04166666666667,0.0,774.5416666666666
2001-06-02,20.791666666666668,16.6,26.2,889.1916666666666,887.9,891.3,61.125,34,82,12.641666666666666,8.7,15.1,57.02400000000001,107.56800000000001,104.08333333333333,0.0,720.7916666666666
2001-06-03,19.837500000000002,16.0,24.8,889.8125,888.6,891.9,72.25,54,91,14.529166666666667,12.6,16.0,79.05600000000001,130.89600000000002,105.41666666666667,0.0,527.5
2001-06-04,16.379166666666666,0.0,25.4,742.4499999999999,0.0,893.0,63.791666666666664,0,89,12.691666666666668,0.0,16.4,73.872,119.232,86.58333333333333,0.0,662.375
2001-06-05,19.604166666666668,15.0,24.8,890.1625,888.4,891.8,69.95833333333333,47,87,13.654166666666667,12.3,15.3,59.616,119.232,99.0,0.0,816.5416666666666
2001-06-06,20.675,16.3,27.4,889.5875,887.7,891.1,60.125,33,79,12.275,9.1,15.4,53.136,90.72,93.33333333333333,0.0,747.625
2001-06-07,19.6375,0.0,26.7,852.3791666666666,0.0,891.3,63.208333333333336,0,94,12.633333333333333,0.0,15.9,45.36,90.72,110.95833333333333,0.0,783.2916666666666
2001-06-08,19.083333333333332,0.0,25.7,852.9916666666667,0.0,891.8,58.416666666666664,0,83,11.299999999999999,0.0,13.5,69.98400000000001,114.04800000000002,106.70833333333333,0.0,767.0
2001-06-09,19.675,15.0,24.8,890.6875,889.7,892.3,58.666666666666664,40,78,11.154166666666667,10.0,12.8,80.352,123.12000000000002,100.79166666666667,0.0,800.7083333333334
2001-06-10,18.670833333333334,12.6,25.0,854.0333333333333,889.9,893.2,60.833333333333336,33,86,10.387500000000001,6.8,12.5,50.544,95.90400000000001,119.79166666666667,0.0,809.3333333333334
2001-06-11,18.724999999999998,13.2,24.5,890.2916666666666,888.9,891.8,59.375,40,81,10.279166666666667,8.9,12.0,67.39200000000001,121.82400000000001,114.41666666666667,0.0,788.9583333333334
2001-06-12,18.370833333333334,14.2,23.3,890.0625,888.5,892.0,64.79166666666667,49,80,11.483333333333334,9.3,14.0,76.46400000000001,127.00800000000001,101.91666666666667,0.0,730.6666666666666
2001-06-13,18.879166666666666,14.5,24.3,889.9166666666666,888.3,891.8,64.83333333333333,41,82,11.704166666666666,9.7,13.5,64.8,119.232,97.08333333333333,0.0,789.2083333333334
2001-06-14,19.258333333333333,14.0,25.4,888.8541666666666,887.0,890.3,58.916666666666664,30,84,10.370833333333334,6.2,13.3,64.8,102.384,97.0,0.0,770.0416666666666
2001-06-15,19.6125,12.9,25.7,851.0333333333333,886.5,890.0,54.166666666666664,29,85,9.299999999999999,6.1,12.7,51.84,97.2,97.5,0.0,776.1666666666666
2001-06-16,20.141666666666666,15.3,25.1,888.1999999999999,887.0,890.2,51.541666666666664,33,73,9.566666666666666,7.1,12.0,57.02400000000001,95.90400000000001,88.83333333333333,0.0,560.3333333333334
2001-06-17,20.254166666666666,13.6,26.7,887.975,886.6,889.9,52.541666666666664,25,84,9.320833333333333,4.6,12.3,53.136,84.24000000000001,107.25,0.0,726.3333333333334
2001-06-18,19.979166666666668,13.6,26.8,888.1875,886.6,890.2,50.916666666666664,30,74,9.012500000000001,7.3,11.7,44.064,84.24000000000001,149.83333333333334,0.0,747.4166666666666
2001-06-19,19.716666666666665,14.4,26.1,888.8583333333332,887.3,890.7,53.666666666666664,31,79,9.479166666666666,7.0,12.1,59.616,98.496,128.91666666666666,0.0,746.7916666666666
2001-06-20,19.183333333333334,12.6,26.2,889.4499999999999,888.1,891.4,56.666666666666664,32,80,9.941666666666666,7.6,13.2,41.47200000000001,88.128,133.125,0.0,671.2083333333334
2001-06-21,16.245833333333334,11.0,23.1,890.3874999999999,888.8,892.0,78.79166666666667,50,98,12.108333333333334,10.6,13.3,42.768,80.352,160.58333333333334,0.0,718.7916666666666
2001-06-22,18.554166666666667,12.5,25.5,891.0541666666667,889.6,892.9,68.375,41,93,12.104166666666666,10.8,13.2,64.8,108.864,125.25,0.0,773.6666666666666
2001-06-23,20.150000000000002,13.3,26.0,890.6291666666666,888.7,892.1,61.625,40,91,12.166666666666666,10.8,13.9,59.616,112.752,97.95833333333333,0.0,750.8333333333334
2001-06-24,20.295833333333334,16.9,25.6,890.8708333333334,889.7,892.7,63.416666666666664,38,81,12.8125,10.2,15.0,82.94400000000002,134.78400000000002,103.33333333333333,0.0,740.5416666666666
2001-06-25,19.8125,15.3,25.5,891.6583333333333,889.8,893.6,60.833333333333336,35,81,11.579166666666666,8.7,13.1,62.208000000000006,116.64,87.54166666666667,0.0,771.1666666666666
2001-06-26,19.962500000000002,14.0,26.5,892.1083333333332,890.6,894.0,56.0,31,81,10.137500000000001,6.9,12.7,50.544,84.24000000000001,116.33333333333333,0.0,769.0
2001-06-27,18.837500000000002,13.9,25.0,891.2208333333333,889.2,892.7,67.95833333333333,39,94,12.25,9.3,14.5,42.768,80.352,181.91666666666666,0.0,760.5833333333334
2001-06-28,17.920833333333334,0.0,25.6,853.1750000000001,0.0,891.9,53.166666666666664,0,78,7.979166666666667,-4.0,12.2,46.656000000000006,103.68,130.16666666666666,0.0,792.5
2001-06-29,19.395833333333332,12.6,25.8,890.1958333333333,888.2,892.0,48.958333333333336,29,71,7.958333333333333,5.8,9.8,60.912000000000006,112.752,109.08333333333333,0.0,792.2916666666666
2001-06-30,19.55,12.8,25.1,889.4083333333333,887.3,891.4,51.458333333333336,29,78,8.737499999999999,6.1,10.2,53.136,84.24000000000001,104.58333333333333,0.0,791.25
2001-07-01,18.970833333333335,11.6,25.9,888.7125,887.1,890.4,47.166666666666664,21,80,6.304166666666667,1.4,9.2,55.728,99.79200000000002,112.41666666666667,0.0,783.6666666666666
2001-07-02,18.458333333333332,11.9,25.5,889.1833333333334,887.8,891.5,46.166666666666664,20,74,5.770833333333333,0.4,9.5,44.064,86.83200000000001,138.29166666666666,0.0,707.875
2001-07-03,19.25,13.2,25.0,889.625,888.3,891.8,46.333333333333336,32,71,7.166666666666667,3.7,9.8,37.583999999999996,90.72,121.625,0.0,575.375
2001-07-04,19.3125,12.2,27.4,889.5625,888.0,891.6,53.625,27,82,8.858333333333333,6.3,10.6,67.39200000000001,94.608,115.70833333333333,0.0,790.2083333333334
2001-07-05,19.458333333333332,12.8,26.3,890.5583333333334,889.2,892.4,51.916666666666664,25,77,8.583333333333334,4.2,11.2,53.136,111.456,134.08333333333334,0.0,793.5833333333334
2001-07-06,18.7375,12.9,24.6,889.9416666666666,888.3,891.5,48.416666666666664,25,71,7.179166666666667,1.8,10.7,89.42400000000002,152.92800000000003,110.41666666666667,0.0,811.8333333333334
2001-07-07,18.537499999999998,13.3,24.7,891.0458333333332,889.4,893.4,55.458333333333336,32,76,9.004166666666666,6.6,12.0,77.76,133.48800000000003,100.58333333333333,0.0,798.25
2001-07-08,18.720833333333335,14.8,24.4,892.1625,890.6,894.8,65.95833333333333,36,88,11.7875,7.8,13.5,72.57600000000001,123.12000000000002,99.70833333333333,0.0,756.7916666666666
2001-07-09,18.650000000000002,13.6,24.9,890.7541666666666,888.9,892.7,59.166666666666664,33,80,9.979166666666666,7.1,12.7,59.616,108.864,109.125,0.0,808.75
2001-07-10,18.816666666666666,13.3,25.6,888.8458333333333,886.5,890.6,55.375,30,79,8.979166666666666,5.9,11.4,55.728,103.68,107.0,0.0,791.4583333333334
2001-07-11,19.1875,12.1,26.7,888.4375,887.0,890.0,51.666666666666664,27,79,8.0875,5.3,9.8,49.248,104.976,156.08333333333334,0.0,812.8333333333334
2001-07-12,21.0,14.5,27.9,888.9458333333333,887.6,890.8,46.125,27,66,8.366666666666667,6.0,10.4,37.583999999999996,79.05600000000001,245.0,0.0,771.5833333333334
2001-07-13,21.204166666666666,15.1,26.8,889.3583333333332,888.2,891.3,53.416666666666664,31,78,10.916666666666666,8.0,14.1,58.32,93.31200000000001,139.91666666666666,0.0,648.0833333333334
2001-07-14,20.120833333333334,15.0,25.5,889.4916666666667,888.2,891.3,56.125,36,76,10.758333333333333,8.2,12.7,67.39200000000001,111.456,115.29166666666667,0.0,783.625
2001-07-15,18.958333333333332,13.1,24.9,889.1833333333334,887.3,891.1,51.916666666666664,28,75,8.266666666666667,4.5,10.4,68.688,123.12000000000002,107.70833333333333,0.0,840.6666666666666
2001-07-16,18.491666666666667,13.7,24.4,815.0291666666667,887.9,891.0,49.5,30,65,7.379166666666666,5.2,10.2,68.688,130.89600000000002,81.5,0.0,782.8333333333334
2001-07-17,19.5625,14.5,25.8,889.5583333333334,887.7,891.4,52.0,32,66,9.170833333333333,8.0,10.8,55.728,103.68,73.75,0.0,666.7916666666666
2001-07-18,19.154166666666665,15.4,24.8,889.2291666666666,886.9,891.3,65.91666666666667,46,90,12.512500000000001,10.0,16.6,60.912000000000006,104.976,108.25,13.599999999999998,474.3333333333333
2001-07-19,19.775000000000002,14.0,27.2,889.1625,887.3,891.6,66.0,33,93,12.370833333333332,8.1,15.3,40.176,67.39200000000001,134.83333333333334,0.0,611.875
2001-07-20,21.491666666666664,15.6,28.2,887.4375,885.7,889.4,52.875,28,76,10.820833333333333,7.8,13.8,57.02400000000001,90.72,102.79166666666667,0.0,786.0
2001-07-21,22.412499999999998,16.9,28.7,887.8625000000001,886.6,889.9,48.041666666666664,30,67,10.341666666666667,8.4,13.7,34.992000000000004,75.16799999999999,189.375,0.0,655.0
2001-07-22,23.15833333333333,17.8,29.5,851.4333333333334,886.9,890.6,43.0,23,72,9.095833333333333,5.3,14.3,42.768,85.536,159.375,0.0,764.625
2001-07-23,22.84583333333333,16.1,29.3,888.5541666666667,887.1,890.2,39.333333333333336,21,65,7.554166666666667,4.8,10.9,68.688,117.93599999999999,124.875,0.0,838.5
2001-07-24,21.895833333333332,16.1,27.4,852.3000000000001,888.3,891.3,47.833333333333336,30,74,9.929166666666667,5.2,13.4,73.872,124.41600000000001,83.79166666666667,0.0,776.75
2001-07-25,20.491666666666667,0.0,26.8,852.3416666666667,0.0,891.4,52.375,0,78,10.804166666666667,0.0,12.9,64.8,123.12000000000002,77.91666666666667,0.0,794.375
2001-07-26,21.045833333333334,16.7,26.1,890.3041666666667,888.7,892.1,52.125,32,69,10.516666666666667,8.0,11.7,73.872,120.52800000000002,80.0,0.0,833.875
2001-07-27,20.5125,14.7,26.3,890.7624999999999,889.1,892.7,49.541666666666664,26,76,8.7875,4.2,11.1,55.728,103.68,90.25,0.0,866.4583333333334
2001-07-28,19.029166666666665,13.0,25.7,890.8458333333333,889.1,893.0,57.833333333333336,28,93,9.466666666666667,5.6,12.7,51.84,92.01599999999999,135.125,0.0,842.375
2001-07-29,19.745833333333334,12.2,26.6,889.8375,888.4,891.6,54.291666666666664,25,92,8.941666666666666,4.6,12.6,63.504000000000005,116.64,119.83333333333333,0.0,858.4166666666666
2001-07-30,19.929166666666667,15.8,24.9,891.2166666666667,889.8,893.2,52.083333333333336,36,70,9.608333333333333,7.6,11.9,80.352,133.48800000000003,89.125,0.0,758.375
2001-07-31,18.583333333333332,13.9,23.7,892.1541666666667,890.8,894.1,63.541666666666664,38,88,11.091666666666667,8.4,12.9,75.16799999999999,138.672,84.75,0.0,588.0833333333334
2001-08-01,19.691666666666666,13.9,24.9,892.8708333333334,891.5,895.0,54.125,31,80,9.554166666666667,6.3,11.7,77.76,146.44800000000004,91.875,0.0,884.875
2001-08-02,19.195833333333333,13.9,24.6,892.5625,890.8,894.3,48.625,29,66,7.616666666666667,4.3,11.1,84.24000000000001,152.92800000000003,105.29166666666667,0.0,897.2083333333334
2001-08-03,18.766666666666666,14.2,24.6,892.4,891.0,894.2,50.458333333333336,35,70,8.004166666666666,5.0,11.2,102.384,168.48000000000002,93.625,0.0,794.9166666666666
2001-08-04,19.116666666666667,13.8,24.7,892.2291666666666,890.4,894.1,57.0,30,87,9.633333333333333,4.5,12.8,98.496,150.33599999999998,95.70833333333333,0.0,839.5833333333334
2001-08-05,14.133333333333333,0.0,25.5,706.1208333333334,0.0,893.5,41.625,0,76,5.854166666666667,0.0,10.6,73.872,123.12000000000002,72.54166666666667,0.0,468.5833333333333
2001-08-06,0.0,0.0,0.0,0.0,0.0,0.0,0.0,0,0,0.0,0.0,0.0,0.0,0.0,0.0,0.0,0.0
2001-08-07,2.5541666666666667,0.0,23.6,111.46666666666665,0.0,892.2,4.375,0,41,0.5541666666666667,0.0,5.4,57.02400000000001,120.52800000000002,11.208333333333334,0.0,12.666666666666666
2001-08-08,18.7,13.7,24.4,892.025,890.1,893.8,45.416666666666664,30,62,6.320833333333333,4.3,9.2,73.872,133.48800000000003,100.33333333333333,0.0,915.625
2001-08-09,19.295833333333334,14.2,24.8,891.8541666666666,890.5,893.7,47.458333333333336,30,64,7.4624999999999995,5.3,8.8,64.8,120.52800000000002,101.375,0.0,921.4583333333334
2001-08-10,18.895833333333332,12.2,25.2,891.7041666666668,889.8,893.3,46.958333333333336,25,73,6.529166666666666,3.6,8.6,66.096,98.496,107.125,0.0,913.7916666666666
2001-08-11,19.3125,12.9,24.8,854.3541666666666,889.9,893.3,45.75,29,69,6.8,4.7,8.7,82.94400000000002,124.41600000000001,95.45833333333333,0.0,850.0416666666666
2001-08-12,19.212500000000002,13.9,25.1,891.8541666666666,890.4,894.0,45.25,29,64,6.675,5.4,9.0,82.94400000000002,133.48800000000003,99.875,0.0,867.7916666666666
2001-08-13,19.279166666666665,14.4,24.5,891.6125000000001,890.0,893.6,47.833333333333336,30,70,7.5125,4.8,10.5,72.57600000000001,129.6,98.375,0.0,887.2083333333334
2001-08-14,18.279166666666665,13.5,23.2,890.9416666666666,889.4,892.8,48.875,33,70,7.033333333333334,5.4,9.4,73.872,132.192,96.45833333333333,0.0,917.6666666666666
2001-08-15,18.45,13.0,24.1,891.4583333333334,889.9,893.5,46.791666666666664,30,65,6.470833333333334,4.7,9.1,82.94400000000002,159.40800000000002,94.33333333333333,0.0,940.625
2001-08-16,18.595833333333335,12.6,24.8,891.7958333333332,889.8,894.2,48.375,29,74,6.9125000000000005,5.2,8.6,76.46400000000001,139.96800000000002,101.54166666666667,0.0,946.25
2001-08-17,18.779166666666665,13.0,25.0,891.6291666666666,889.2,893.9,47.0,28,68,6.695833333333333,5.0,7.9,89.42400000000002,132.192,98.25,0.0,953.75
2001-08-18,18.345833333333335,0.0,25.0,854.0625,0.0,893.3,44.583333333333336,0,65,6.7,0.0,8.2,88.128,139.96800000000002,83.54166666666667,0.0,951.25
2001-08-19,18.916666666666668,0.0,25.9,854.3291666666668,0.0,893.7,53.083333333333336,0,84,9.5625,0.0,13.5,81.648,128.304,94.08333333333333,0.0,858.625
2001-08-20,19.791666666666668,15.1,25.5,855.5416666666666,890.6,895.3,50.625,26,73,8.483333333333333,4.1,10.7,76.46400000000001,130.89600000000002,107.45833333333333,0.0,942.4166666666666
2001-08-21,19.795833333333334,13.8,26.4,891.5458333333332,889.2,893.4,43.583333333333336,25,65,6.358333333333333,3.7,8.9,59.616,106.272,98.04166666666667,0.0,946.5
2001-08-22,2.4958333333333336,0.0,21.0,111.38333333333333,0.0,891.1,5.0,0,42,0.7541666666666668,0.0,6.3,24.624,46.656000000000006,7.333333333333333,0.0,0.0
2001-08-23,5.458333333333333,0.0,29.0,185.03333333333333,0.0,888.9,6.375,0,38,1.5708333333333335,0.0,8.3,40.176,72.57600000000001,32.125,0.0,60.0
2001-08-24,22.916666666666668,17.7,29.7,888.8916666666668,886.3,891.5,44.416666666666664,26,66,9.799999999999999,7.6,12.1,59.616,119.232,161.08333333333334,0.0,713.125
2001-08-25,21.283333333333335,15.7,29.7,888.9041666666667,886.9,891.3,58.166666666666664,28,87,11.941666666666668,8.7,15.7,69.98400000000001,123.12000000000002,115.95833333333333,0.7999999999999999,777.9583333333334
2001-08-26,20.7375,15.7,27.6,851.65,886.9,891.0,62.291666666666664,36,86,12.808333333333332,10.5,16.0,55.728,108.864,137.95833333333334,1.0,668.2083333333334
2001-08-27,21.84166666666667,15.0,29.9,852.1374999999999,887.4,891.6,61.291666666666664,26,93,12.670833333333334,7.8,16.3,49.248,127.00800000000001,152.41666666666666,0.2,869.25
2001-08-28,20.541666666666668,18.2,26.0,889.4083333333333,887.6,891.5,62.791666666666664,39,78,13.012500000000001,10.5,14.8,50.544,98.496,168.04166666666666,2.0,235.08333333333334
2001-08-29,21.708333333333332,17.9,27.7,888.275,886.2,890.1,59.083333333333336,33,84,12.9125,9.9,15.3,59.616,103.68,123.79166666666667,0.2,501.375
2001-08-30,17.479166666666668,14.8,22.1,890.6916666666666,888.4,893.8,84.45833333333333,55,96,14.695833333333333,12.7,15.9,75.16799999999999,119.232,133.16666666666666,35.4,340.0
2001-08-31,1.9708333333333332,0.0,16.8,111.39166666666667,0.0,891.5,11.541666666666666,0,94,1.8208333333333335,0.0,15.2,37.583999999999996,80.352,16.75,0.0,0.0
2001-09-01,0.0,0.0,0.0,0.0,0.0,0.0,0.0,0,0,0.0,0.0,0.0,0.0,0.0,0.0,0.0,0.0
2001-09-02,0.0,0.0,0.0,0.0,0.0,0.0,0.0,0,0,0.0,0.0,0.0,0.0,0.0,0.0,0.0,0.0
2001-09-03,4.220833333333333,0.0,26.4,147.86249999999998,0.0,888.9,6.75,0,47,1.8291666666666666,0.0,13.3,45.36,98.496,16.083333333333332,0.0,193.16666666666666
2001-09-04,22.754166666666666,0.0,28.9,888.3083333333334,0.0,890.5,48.291666666666664,0,69,10.679166666666667,0.0,12.2,55.728,90.72,116.08333333333333,0.0,756.4583333333334
2001-09-05,23.02916666666667,17.0,29.0,888.6291666666666,887.0,890.6,41.875,23,63,8.733333333333333,4.6,11.0,66.096,121.82400000000001,114.95833333333333,0.0,1002.5416666666666
2001-09-06,22.662499999999998,17.9,28.5,887.9166666666666,885.8,890.0,40.333333333333336,24,58,8.025,5.4,10.1,67.39200000000001,121.82400000000001,113.25,0.0,1027.9166666666667
2001-09-07,22.291666666666668,17.1,28.2,887.0708333333333,885.0,889.1,43.083333333333336,26,65,8.4625,6.4,10.5,58.32,156.816,105.25,0.0,1032.5
2001-09-08,23.179166666666664,17.2,30.3,886.4583333333334,884.5,888.6,39.833333333333336,21,63,7.891666666666667,4.6,10.4,54.432,94.608,114.125,0.0,1036.9166666666667
2001-09-09,24.224999999999998,16.9,31.8,887.1333333333333,885.6,889.5,34.458333333333336,17,58,6.495833333333334,2.9,11.5,32.4,92.01599999999999,143.33333333333334,0.0,967.7916666666666
2001-09-10,25.1875,18.4,31.5,886.9833333333332,885.2,888.9,33.583333333333336,21,53,7.383333333333333,4.4,10.3,41.47200000000001,97.2,134.04166666666666,0.0,802.2083333333334
2001-09-11,26.400000000000002,19.4,33.0,885.6,883.4,887.5,33.208333333333336,18,57,8.141666666666667,4.4,11.9,51.84,101.088,186.41666666666666,0.0,767.4166666666666
2001-09-12,26.504166666666666,21.1,33.1,884.4666666666667,882.6,886.2,35.541666666666664,20,51,9.5375,6.9,13.4,68.688,106.272,145.5,0.0,889.125
2001-09-13,23.212500000000002,18.9,27.8,887.2208333333333,885.3,889.7,58.416666666666664,44,74,14.466666666666667,12.0,16.9,62.208000000000006,110.16000000000001,228.04166666666666,0.0,606.625
2001-09-14,21.258333333333333,16.4,27.9,887.3583333333332,884.4,889.5,70.66666666666667,44,91,15.5375,11.6,17.7,58.32,185.32800000000003,207.375,23.6,462.75
2001-09-15,20.3125,16.9,27.1,885.9333333333334,883.5,887.7,76.25,49,91,15.829166666666666,14.3,17.4,69.98400000000001,130.89600000000002,157.75,0.4,543.125
2001-09-16,18.858333333333334,15.5,22.0,887.6041666666666,886.1,889.6,83.08333333333333,63,93,15.8375,14.1,16.9,72.57600000000001,123.12000000000002,262.2916666666667,2.8,365.2916666666667
2001-09-17,3.6458333333333335,0.0,15.6,222.3375,0.0,890.3,20.166666666666668,0,93,2.8208333333333333,0.0,14.2,54.432,115.344,47.125,0.0,0.0
2001-09-18,18.033333333333335,0.0,26.7,814.475,0.0,890.8,53.083333333333336,0,72,9.15,0.0,13.9,84.24000000000001,130.89600000000002,107.83333333333333,0.0,798.2916666666666
2001-09-19,19.020833333333332,13.3,25.9,888.8625000000001,887.0,890.8,64.125,41,85,11.729166666666666,10.3,13.4,76.46400000000001,125.712,93.25,0.0,1001.375
2001-09-20,20.783333333333335,14.9,27.1,888.625,886.6,890.9,53.583333333333336,28,76,10.341666666666667,6.4,12.7,71.28,114.04800000000002,106.29166666666667,0.0,1094.3333333333333
2001-09-21,21.133333333333333,15.8,27.5,888.1625,886.1,890.9,43.208333333333336,24,58,7.5874999999999995,4.5,9.8,59.616,111.456,91.625,0.0,1089.6666666666667
2001-09-22,22.0625,16.4,28.6,887.6458333333334,885.7,890.0,42.666666666666664,29,57,8.512500000000001,5.7,11.8,64.8,120.52800000000002,117.41666666666667,0.0,864.8333333333334
2001-09-23,23.691666666666666,19.3,29.9,886.6291666666666,884.4,888.6,45.083333333333336,28,64,10.637500000000001,8.8,14.4,55.728,116.64,146.66666666666666,0.6,878.9166666666666
2001-09-24,22.233333333333334,18.0,29.0,886.4666666666667,884.6,888.9,56.875,33,73,12.995833333333332,10.6,17.4,63.504000000000005,110.16000000000001,149.04166666666666,2.0,703.5833333333334
2001-09-25,23.041666666666668,19.0,28.3,886.4666666666667,884.7,888.3,56.041666666666664,35,79,13.375,10.9,15.9,54.432,92.01599999999999,141.625,0.0,585.2083333333334
2001-09-26,21.983333333333334,18.4,28.1,887.0458333333332,884.1,889.2,70.08333333333333,41,90,15.795833333333334,13.0,17.5,55.728,106.272,151.66666666666666,1.4,685.5
2001-09-27,20.5625,17.6,25.4,887.3125,885.5,889.4,77.75,54,94,16.258333333333333,14.4,17.5,57.02400000000001,88.128,137.79166666666666,7.6,588.625
2001-09-28,22.379166666666666,18.0,29.7,887.6708333333332,885.3,889.7,70.08333333333333,38,93,16.183333333333334,13.4,19.3,71.28,134.78400000000002,106.0,1.8,840.625
2001-09-29,20.595833333333335,18.0,23.6,888.7541666666666,886.6,892.1,79.0,64,94,16.716666666666665,14.7,17.8,51.84,92.01599999999999,126.54166666666667,4.8,374.125
2001-09-30,21.270833333333332,17.9,26.9,888.5749999999999,885.9,890.7,73.33333333333333,46,93,15.845833333333333,13.4,17.3,55.728,101.088,83.83333333333333,4.0,528.7083333333334
2001-10-01,20.616666666666667,18.6,23.6,888.3125,885.9,891.2,75.625,54,92,16.083333333333332,13.5,17.8,58.32,90.72,109.16666666666667,0.6000000000000001,345.375
2001-10-02,21.933333333333334,17.0,27.9,887.25,885.0,889.1,69.79166666666667,43,89,15.8125,13.1,18.6,79.05600000000001,142.56,257.0833333333333,0.6,513.7083333333334
2001-10-03,21.383333333333336,16.8,26.6,888.7958333333332,887.2,891.8,74.66666666666667,47,95,16.404166666666665,14.2,17.7,59.616,107.56800000000001,262.125,5.800000000000001,700.0
2001-10-04,21.849999999999998,17.2,29.8,888.35,886.1,890.0,73.70833333333333,32,95,16.458333333333332,10.9,18.9,92.01599999999999,165.88800000000003,232.95833333333334,1.2,750.5416666666666
2001-10-05,23.270833333333332,18.5,30.8,887.9458333333333,885.4,889.9,65.16666666666667,30,87,15.720833333333333,10.5,18.7,46.656000000000006,152.92800000000003,169.33333333333334,0.2,720.875
2001-10-06,22.7,17.6,29.8,887.4833333333332,885.2,889.9,64.41666666666667,33,94,14.991666666666667,11.5,17.2,81.648,127.00800000000001,153.5,29.0,930.1666666666666
2001-10-07,23.833333333333332,18.1,30.0,886.0500000000001,883.9,887.5,59.583333333333336,34,84,15.112499999999999,12.0,17.0,69.98400000000001,111.456,166.125,0.0,893.25
2001-10-08,20.7,18.1,26.0,886.5958333333333,885.0,888.3,80.875,54,94,17.191666666666666,15.8,18.7,40.176,103.68,213.58333333333334,3.4000000000000004,484.25
2001-10-09,19.495833333333334,0.0,24.4,849.4708333333333,0.0,888.6,80.91666666666667,0,95,16.8,0.0,18.8,57.02400000000001,90.72,168.75,0.6000000000000001,445.25
2001-10-10,20.120833333333334,15.8,27.7,886.6958333333333,885.0,888.1,78.5,45,93,15.954166666666666,13.9,18.0,54.432,116.64,93.33333333333333,0.6000000000000001,777.4583333333334
2001-10-11,21.412499999999998,17.9,26.5,887.1416666666668,884.2,889.0,74.20833333333333,47,92,16.2375,13.9,17.4,69.98400000000001,117.93599999999999,102.375,0.0,945.5833333333334
2001-10-12,20.404166666666665,18.1,22.9,887.8541666666666,886.2,889.6,80.20833333333333,66,92,16.816666666666666,16.1,17.6,63.504000000000005,107.56800000000001,94.25,0.0,430.0833333333333
2001-10-13,20.608333333333334,17.8,24.6,888.125,886.3,889.8,73.54166666666667,51,91,15.483333333333334,13.4,16.9,64.8,101.088,117.91666666666667,0.0,698.25
2001-10-14,18.979166666666668,16.9,20.9,887.9166666666666,886.4,889.8,72.0,57,84,13.758333333333333,11.8,16.5,60.912000000000006,103.68,109.33333333333333,0.8,408.3333333333333
2001-10-15,16.741666666666667,0.0,18.8,850.0916666666667,0.0,888.6,83.20833333333333,0,94,14.595833333333333,0.0,17.2,53.136,94.608,86.29166666666667,2.6,236.5
2001-10-16,17.625,15.6,21.5,886.7375000000001,884.2,888.8,86.79166666666667,72,95,15.329166666666666,14.1,17.4,75.16799999999999,114.04800000000002,102.41666666666667,1.4,381.9166666666667
2001-10-17,18.120833333333334,17.2,19.3,885.5916666666667,883.6,887.3,91.20833333333333,81,95,16.645833333333332,15.8,17.7,46.656000000000006,82.94400000000002,72.75,15.8,213.33333333333334
2001-10-18,18.099999999999998,15.6,23.3,884.5875,882.5,886.2,91.70833333333333,68,97,16.662499999999998,15.0,18.7,45.36,94.608,140.45833333333334,30.4,411.0833333333333
2001-10-19,18.175,16.4,21.0,883.4625,880.9,885.5,91.875,74,97,16.816666666666666,15.5,17.7,58.32,114.04800000000002,190.0,25.0,248.875
2001-10-20,20.3625,16.4,26.5,883.6916666666666,881.9,885.7,76.625,48,95,15.625,13.6,16.9,60.912000000000006,125.712,302.0833333333333,0.0,897.0416666666666
2001-10-21,20.8625,17.2,27.0,884.3333333333334,881.9,886.5,76.33333333333333,51,94,16.25,15.2,19.0,76.46400000000001,145.15200000000002,318.7083333333333,9.2,790.75
2001-10-22,20.895833333333332,16.0,27.5,884.2458333333334,883.0,885.9,73.125,41,95,15.329166666666666,12.2,16.8,71.28,139.96800000000002,276.1666666666667,1.8,1130.8333333333333
2001-10-23,22.425,15.2,29.8,885.6166666666667,884.2,887.3,54.791666666666664,24,86,11.308333333333332,5.9,15.1,40.176,85.536,161.125,0.0,1219.1666666666667
2001-10-24,23.508333333333336,16.6,30.4,887.9583333333334,886.4,890.0,44.0,26,68,9.941666666666666,7.2,12.4,47.952000000000005,98.496,142.20833333333334,0.0,1211.0833333333333
2001-10-25,23.733333333333334,19.4,28.9,888.8708333333334,887.3,891.0,52.875,37,68,13.379166666666668,9.6,17.7,76.46400000000001,149.04,113.375,0.0,1072.8333333333333
2001-10-26,22.820833333333336,18.0,28.1,888.1041666666666,886.4,890.3,56.041666666666664,29,80,12.970833333333333,8.1,16.5,58.32,104.976,95.625,0.0,1129.75
2001-10-27,23.008333333333336,16.2,29.1,886.9041666666667,884.6,888.5,41.125,23,64,8.654166666666667,5.7,12.6,58.32,104.976,124.125,0.0,1215.6666666666667
2001-10-28,23.079166666666666,17.3,29.2,886.3791666666666,884.8,888.1,45.333333333333336,26,67,10.0,6.9,12.3,50.544,93.31200000000001,114.20833333333333,0.0,1130.9583333333333
2001-10-29,23.962500000000002,17.1,30.6,886.1541666666667,883.9,887.9,43.083333333333336,25,68,9.941666666666666,7.9,13.1,44.064,89.42400000000002,136.875,0.0,1081.25
2001-10-30,22.125,18.6,26.7,886.375,884.3,888.6,61.5,38,82,14.170833333333334,10.9,16.8,50.544,102.384,245.16666666666666,6.2,384.125
2001-10-31,22.95,17.6,29.5,885.9916666666667,882.8,888.9,57.875,33,80,13.695833333333333,11.1,16.5,46.656000000000006,103.68,206.125,0.0,973.0
2001-11-01,22.291666666666668,19.3,27.0,884.7875,882.2,887.0,65.58333333333333,48,77,15.454166666666666,13.4,18.8,63.504000000000005,98.496,149.20833333333334,0.0,742.7916666666666
2001-11-02,19.495833333333334,16.4,25.8,884.6833333333334,882.9,886.6,83.125,56,93,16.425,14.2,18.1,67.39200000000001,237.16800000000003,239.66666666666666,29.8,775.7916666666666
2001-11-03,20.379166666666666,18.1,23.5,884.6125000000001,883.6,886.6,83.29166666666667,69,94,17.408333333333335,16.3,19.3,49.248,112.752,288.25,2.8,469.25
2001-11-04,20.5625,16.6,27.0,885.3666666666667,882.7,887.2,81.16666666666667,50,95,16.925,15.0,18.6,93.31200000000001,186.62400000000002,271.1666666666667,4.8,702.2916666666666
2001-11-05,21.3,17.9,27.9,885.9125,884.6,887.6,78.875,47,95,17.116666666666667,14.9,18.3,54.432,127.00800000000001,294.25,5.2,717.9166666666666
2001-11-06,21.96666666666667,18.6,28.8,886.6,884.9,888.4,75.08333333333333,45,90,17.041666666666668,13.7,19.5,67.39200000000001,129.6,185.33333333333334,2.0,782.7083333333334
2001-11-07,21.279166666666665,18.9,27.8,887.5583333333334,885.2,889.1,80.125,48,94,17.4875,15.4,20.7,69.98400000000001,145.15200000000002,205.70833333333334,3.2,588.5833333333334
2001-11-08,8.200000000000001,0.0,20.5,369.6458333333333,0.0,888.4,36.791666666666664,0,94,7.379166666666666,0.0,18.3,23.328000000000003,44.064,56.416666666666664,0.0,0.20833333333333334
2001-11-09,0.0,0.0,0.0,0.0,0.0,0.0,0.0,0,0,0.0,0.0,0.0,0.0,0.0,0.0,0.0,0.0
2001-11-10,0.0,0.0,0.0,0.0,0.0,0.0,0.0,0,0,0.0,0.0,0.0,0.0,0.0,0.0,0.0,0.0
2001-11-11,0.0,0.0,0.0,0.0,0.0,0.0,0.0,0,0,0.0,0.0,0.0,0.0,0.0,0.0,0.0,0.0
2001-11-12,0.0,0.0,0.0,0.0,0.0,0.0,0.0,0,0,0.0,0.0,0.0,0.0,0.0,0.0,0.0,0.0
2001-11-13,12.916666666666666,0.0,29.7,442.1458333333333,0.0,887.2,27.666666666666668,0,77,7.9125000000000005,0.0,18.4,45.36,120.52800000000002,131.29166666666666,0.0,847.6666666666666
2001-11-14,21.504166666666666,18.3,26.4,883.9208333333332,880.5,886.3,73.54166666666667,54,87,16.412499999999998,14.4,18.7,57.02400000000001,123.12000000000002,291.375,1.0,703.875
2001-11-15,21.1875,17.9,26.7,884.3291666666668,882.3,886.8,76.95833333333333,50,94,16.7375,14.6,18.5,66.096,145.15200000000002,292.2083333333333,2.6,808.375
2001-11-16,21.84583333333333,17.5,28.0,885.6125000000001,883.4,887.7,75.375,45,94,16.941666666666666,14.5,19.1,38.88,130.89600000000002,240.0,19.200000000000003,797.5833333333334
2001-11-17,21.78333333333333,18.6,26.7,885.6791666666667,882.9,887.5,80.33333333333333,54,95,18.0,15.7,19.9,64.8,107.56800000000001,200.08333333333334,3.0,679.875
2001-11-18,20.166666666666668,18.6,24.4,885.6833333333334,884.4,887.1,89.79166666666667,72,96,18.412499999999998,17.5,20.4,68.688,154.22400000000002,200.29166666666666,10.2,398.6666666666667
2001-11-19,20.175,18.4,25.2,886.6374999999999,884.6,889.0,85.875,58,96,17.5625,15.6,19.2,53.136,111.456,312.6666666666667,6.0,548.7083333333334
2001-11-20,18.279166666666665,0.0,25.8,774.8375,0.0,887.4,74.04166666666667,0,95,15.691666666666665,0.0,18.9,62.208000000000006,141.264,166.5,4.0,393.5
2001-11-21,19.333333333333332,18.1,21.9,886.5833333333334,885.0,888.1,88.83333333333333,73,95,17.412499999999998,15.5,19.5,58.32,145.15200000000002,180.04166666666666,4.8,374.9583333333333
2001-11-22,19.8125,17.4,24.2,887.1416666666668,884.5,889.2,84.20833333333333,60,95,16.933333333333334,15.8,19.2,55.728,111.456,150.45833333333334,1.4,693.375
2001-11-23,21.433333333333334,17.4,25.9,884.2333333333332,881.2,886.2,75.20833333333333,53,94,16.666666666666668,14.8,17.9,80.352,155.52,245.75,0.0,855.3333333333334
2001-11-24,19.579166666666666,16.4,22.8,883.5749999999999,881.8,885.7,88.08333333333333,71,96,17.516666666666666,15.6,18.7,50.544,155.52,167.5,29.2,392.7083333333333
2001-11-25,20.241666666666667,16.7,25.4,884.4541666666668,882.3,886.6,81.625,58,96,16.7375,15.8,18.6,50.544,90.72,101.75,0.2,789.0833333333334
2001-11-26,21.275000000000002,18.9,25.4,885.2624999999999,883.4,887.3,78.95833333333333,60,93,17.345833333333335,15.4,19.5,68.688,128.304,77.875,0.8,732.9166666666666
2001-11-27,22.579166666666666,18.0,27.9,885.6416666666668,883.0,888.0,64.66666666666667,37,88,14.983333333333334,10.9,17.5,59.616,90.72,82.0,0.0,1123.0416666666667
2001-11-28,21.6875,16.3,26.3,885.1208333333334,882.7,887.1,69.95833333333333,49,93,15.737499999999999,14.0,19.1,55.728,114.04800000000002,178.08333333333334,4.8,705.8333333333334
2001-11-29,20.075,18.1,24.8,883.7666666666668,881.3,885.6,86.16666666666667,62,95,17.5625,16.4,19.4,71.28,134.78400000000002,206.79166666666666,24.8,459.6666666666667
2001-11-30,19.45,17.9,23.2,882.6958333333333,879.6,885.1,88.04166666666667,71,96,17.395833333333332,16.9,18.6,95.90400000000001,176.256,316.125,4.0,482.5416666666667
2001-12-01,19.670833333333334,18.2,23.1,882.8874999999999,881.3,884.5,88.95833333333333,74,95,17.720833333333335,17.0,18.9,101.088,190.512,311.7916666666667,6.6,552.75
2001-12-02,20.616666666666667,18.6,25.4,884.525,882.8,886.1,86.75,66,96,18.212500000000002,16.9,20.0,47.952000000000005,112.752,231.25,8.8,605.625
2001-12-03,22.037499999999998,17.3,27.5,884.8458333333333,882.8,886.4,78.54166666666667,51,97,17.6875,16.2,19.0,62.208000000000006,108.864,116.04166666666667,0.2,1043.0416666666667
2001-12-04,22.395833333333332,18.0,27.7,885.2624999999999,883.5,887.2,68.41666666666667,42,92,15.799999999999999,12.7,17.6,59.616,115.344,66.70833333333333,0.0,1072.75
2001-12-05,22.97083333333333,18.8,28.0,885.0625,882.9,886.7,66.70833333333333,39,91,16.070833333333333,12.5,18.1,59.616,110.16000000000001,45.916666666666664,0.0,1009.1666666666666
2001-12-06,21.46666666666667,18.5,24.6,885.1958333333333,883.6,886.9,78.625,62,93,17.533333333333335,16.2,18.6,60.912000000000006,102.384,189.75,2.0,418.5
2001-12-07,20.579166666666666,17.5,25.5,885.0916666666667,882.9,886.9,84.04166666666667,62,96,17.708333333333332,16.2,19.4,59.616,123.12000000000002,128.0,27.2,464.0416666666667
2001-12-08,22.195833333333336,17.3,27.8,884.8791666666666,882.0,886.7,71.08333333333333,33,96,15.945833333333333,9.6,18.2,59.616,111.456,127.08333333333333,0.0,1169.625
2001-12-09,22.858333333333334,18.1,27.7,884.8333333333334,883.0,886.5,55.041666666666664,35,72,12.966666666666667,10.0,15.3,58.32,110.16000000000001,73.79166666666667,0.0,1177.9583333333333
2001-12-10,23.425,18.0,28.4,885.4833333333332,883.6,887.5,56.125,37,77,13.9625,11.4,15.9,68.688,111.456,84.625,0.0,1048.1666666666667
2001-12-11,23.954166666666666,19.7,28.3,886.1333333333333,884.0,887.8,58.25,42,71,15.125,13.0,17.3,59.616,102.384,79.95833333333333,0.0,1194.9583333333333
2001-12-12,20.558333333333334,0.0,28.4,774.5708333333333,0.0,886.8,50.541666666666664,0,71,12.608333333333334,0.0,16.5,67.39200000000001,107.56800000000001,71.08333333333333,0.0,1064.6666666666667
2001-12-13,1.1791666666666667,0.0,28.9,36.729166666666664,0.0,881.9,1.4166666666666667,0,38,0.45416666666666666,0.0,12.4,32.4,73.872,0.5416666666666666,0.0,56.083333333333336
2001-12-14,15.604166666666666,0.0,28.1,625.5166666666667,0.0,885.0,51.375,0,93,11.679166666666667,0.0,18.6,54.432,116.64,191.79166666666666,1.2000000000000002,421.25
2001-12-15,5.808333333333334,0.0,27.0,221.04166666666666,0.0,886.2,18.0,0,91,4.4125000000000005,0.0,19.3,64.8,99.79200000000002,55.458333333333336,0.2,184.125
2001-12-16,2.8249999999999997,0.0,26.1,110.47500000000001,0.0,885.6,9.833333333333334,0,71,2.3208333333333333,0.0,19.1,44.064,86.83200000000001,37.791666666666664,0.4,92.58333333333333
2001-12-17,7.104166666666667,0.0,24.5,294.6166666666667,0.0,885.8,26.875,0,91,5.925,0.0,18.4,75.16799999999999,149.04,102.04166666666667,0.6,85.04166666666667
2001-12-18,19.075,0.0,27.5,774.0416666666666,0.0,886.5,69.25,0,94,15.604166666666666,0.0,19.3,63.504000000000005,124.41600000000001,262.25,0.0,588.9166666666666
2001-12-19,14.829166666666667,0.0,27.6,553.8916666666667,0.0,887.8,52.875,0,95,12.170833333333334,0.0,19.5,57.02400000000001,116.64,190.91666666666666,8.8,622.0
2001-12-20,11.791666666666666,0.0,26.1,479.8458333333333,0.0,887.6,42.791666666666664,0,94,9.6,0.0,19.2,94.608,191.80800000000002,86.91666666666667,2.6,503.75
2001-12-21,8.725,0.0,25.7,331.9291666666667,0.0,885.9,26.125,0,80,6.516666666666667,0.0,18.6,60.912000000000006,93.31200000000001,77.0,0.0,241.58333333333334
2001-12-22,14.6,0.0,26.3,591.1125000000001,0.0,888.4,58.541666666666664,0,95,12.325000000000001,0.0,18.6,93.31200000000001,194.4,142.375,3.1999999999999997,444.8333333333333
2001-12-23,7.145833333333333,0.0,27.8,295.75416666666666,0.0,889.3,25.791666666666668,0,93,5.629166666666666,0.0,19.0,53.136,108.864,68.95833333333333,10.4,274.0416666666667
2001-12-24,17.308333333333334,0.0,27.0,739.3833333333333,0.0,889.0,69.29166666666667,0,94,14.5875,0.0,18.4,53.136,121.82400000000001,114.625,4.0,485.25
2001-12-25,13.933333333333332,0.0,27.7,554.2875,0.0,888.9,44.625,0,93,10.262500000000001,0.0,18.6,53.136,112.752,97.625,0.0,680.4583333333334
2001-12-26,19.087500000000002,0.0,26.0,775.7875,0.0,888.7,65.66666666666667,0,94,14.683333333333332,0.0,18.7,51.84,85.536,64.79166666666667,0.4,573.875
2001-12-27,2.733333333333333,0.0,23.3,110.85416666666667,0.0,887.2,9.916666666666666,0,86,2.2541666666666664,0.0,18.5,23.328000000000003,50.544,3.7916666666666665,0.2,0.0
2001-12-28,10.745833333333332,0.0,25.5,443.2375,0.0,888.8,39.583333333333336,0,96,8.745833333333334,0.0,19.0,58.32,107.56800000000001,95.20833333333333,12.799999999999999,569.7083333333334
2001-12-29,16.754166666666666,0.0,21.5,775.25,0.0,887.3,80.33333333333333,0,95,15.575000000000001,0.0,18.8,58.32,130.89600000000002,190.75,18.8,253.0
2001-12-30,3.4125,0.0,22.3,147.0875,0.0,883.5,14.583333333333334,0,94,3.0499999999999994,0.0,18.7,51.84,127.00800000000001,51.75,1.0,20.625
2001-12-31,11.137500000000001,0.0,23.2,478.20416666666665,0.0,884.6,46.041666666666664,0,95,9.674999999999999,0.0,18.8,94.608,168.48000000000002,168.95833333333334,0.0,369.0
